Hillel O'Hear,29,F
Adoree Bohike,64,F
Brittney Bentall,16,F
Mignon Calltone,21,F
Zebulen McRae,27,F
Mannie Vannikov,20,M
Tiena Meni,72,M
Carol-jean Feria,39,M
Ches Fealty,16,M
Corrianne Brunger,18,F
Sean Loveman,32,M
Mellie Villiers,78,F
Bentlee Breed,65,F
Steffane Zoanetti,23,F
Bevin Cullen,39,F
Talyah Hallen,48,M
Teddy Wardlow,54,M
Josias Whawell,26,F
Thacher Sleit,55,M
Teresa Tomisch,17,M
Henri Gunther,77,F
Gibbie Lockery,68,F
Pattie Haps,63,M
Susana Kubin,61,F
Berny Neaves,38,M
Glynn Bengtsson,19,M
Bayard Killingback,70,M
Harland Risom,50,M
Margaretta Leal,24,M
Carlyle Lightman,35,F
Phillida Peet,74,F
Giacobo Joselevitch,20,F
Cherlyn Davitashvili,44,M
Jess Pengilley,74,F
Englebert Lovart,47,F
Aloin Bealing,24,M
Damian Djuricic,21,F
Rozella Rottenbury,35,F
Teri Weald,62,F
Garry Jindrich,63,F
Chaddie Upex,63,M
Hayden Cave,24,F
Quillan Breache,64,F
Newton St Ange,67,F
Catherin McCurry,45,M
Felicia Jeandel,75,M
Oby Staton,26,F
Wilone Howroyd,30,M
Millard Hlavac,53,M
Fredia Clyne,35,M
Gayle Swanger,74,F
Farlie Vannuccini,79,M
Lyndsie Normavell,47,F
Connie Boman,42,M
Gan Lickorish,27,M
Tammy Waddoups,75,F
Karalynn Perez,26,F
Link De Courtney,68,M
Knox Jerson,56,M
Delmer MacCague,70,M
Marni Scrogges,22,F
Terry Linzey,56,M
Meghann Rowan,34,M
Mariel Kennagh,45,F
Vi Cominello,40,M
Therine Koppelmann,63,F
Burlie Arch,42,F
Judye Thistleton,17,F
Elnora Forrest,70,M
Betty Ryall,55,F
Angelica Von Der Empten,42,F
Marketa Freschi,37,M
Ange Ivan,53,F
Goddard Golthorpp,26,M
Reginald Champneys,78,F
Cindelyn Castana,40,F
Garnette Youngman,20,F
Rhoda Veregan,17,F
Jorey Tetford,30,M
Mark Sidry,31,F
Wilone MacDiarmond,70,M
Melinda Conyard,27,F
Cam Maskall,16,F
Jasper McVee,35,F
Stirling Sellens,51,F
Meade Yerborn,44,M
Catlaina Pumfrett,77,M
Diandra Medgwick,77,F
Corri Paulino,39,M
Jeffrey Stonehewer,27,F
Marianne Dunckley,16,F
Vanny Farmer,43,F
Merralee McNaughton,65,M
Bren Giannini,33,F
Nichol Claisse,34,F
Cathlene Kevlin,50,F
Lyndy Goodbarr,60,F
Cordey Swiffen,70,M
Yvonne Paton,64,F
Keith Gilchrest,70,F
Nita Fabbri,57,F
Chrisy Mazey,67,M
Kitty Bauser,47,F
Amalea Schimpke,67,F
Nadya Mulcahy,30,F
Norris Tyas,31,F
Kenyon Eriksson,68,F
Matt Galiford,66,F
Nonnah Lemon,29,F
Ethelbert Pescott,65,M
Angelico Crosskill,31,F
Breanne Synke,68,M
Bobbye Trengrouse,23,M
Aida Halsey,24,F
Carley Boorn,27,F
Rochester Romme,52,M
Lavinia Lassells,16,F
Myrtia Pennycord,57,M
Leopold Alcorn,35,M
Timoteo Essame,17,F
Vernon Chansonnau,32,M
Marion Chipping,35,M
Lyda Perrat,23,M
Jaime Braunthal,45,M
Glyn de Aguirre,48,M
Cchaddie Stearley,58,M
Lance Reggio,20,M
Corenda Kardos,69,F
Maribelle Moakes,71,F
Sheppard Findlow,21,M
Dilan Judgkins,77,M
Rodi Doring,69,F
Mohandas Andrey,73,F
Tina Fallawe,63,F
Grata Tredinnick,17,M
Ula Stote,22,F
Herminia Pyner,46,M
Leela Stud,54,M
Buck Dallywater,79,F
Mar Gaskill,67,M
Isidro Farncomb,79,M
Katie Coultish,35,F
Paul Moncreiff,36,M
Liesa Radclyffe,29,M
Mano Arthan,50,F
Fidel Sloat,64,F
Corenda Putman,24,F
Harald Dauber,47,F
Joan Pattemore,69,M
Riccardo Nutbeem,49,F
Danyelle Omar,67,M
Therine Musso,74,M
Avigdor Inchbald,45,M
Sharleen Wadge,56,F
Crystal Keyser,42,F
Buddy Slaughter,39,F
Erny Sisse,31,M
Jemima Trynor,46,M
Harmonie Ambrosio,54,M
Fredelia Pigott,20,M
Catherina Siuda,29,M
Ravi Truesdale,36,M
Derry Bordessa,72,M
Denver Woolfenden,68,F
Culver Sunley,62,M
Washington Tomasino,23,F
Flin Tregunna,62,M
Ruperta Thickin,24,F
Arlena Gallemore,30,M
Elsey Foulcher,24,M
Wayland Andreone,57,F
Veronike Satyford,41,F
Christian Ledwith,70,M
Demott Sabbatier,22,M
Delinda McGoldrick,67,F
Ronalda Malling,32,F
Grady Chimes,18,M
Rutherford Laverenz,67,M
Rockie Forlong,36,F
Bee Paulat,66,F
Brittni Lockner,80,M
Darell Honnicott,71,F
Katie Padley,47,M
Davy Rust,16,M
Stafani Hollington,60,M
Maribeth Devennie,77,F
Rozina Gebbie,80,F
Barris Shier,80,F
Alidia Lark,55,F
Nike Landell,70,M
Ingar Goodburn,59,F
Scott Overton,71,M
Rafaela Siddaley,28,F
Theresa Haynes,41,F
Ariela Megarry,63,F
Pamella Dewdeny,76,M
Joleen Straine,66,M
Violet Lys,67,M
Marietta Melloy,54,M
Sheilah Postan,70,M
Serena Tonkes,68,M
Gypsy Darch,68,M
Quinn Scouse,20,M
Lin Ord,16,M
Daven Melton,28,M
Maurizio Shand,66,F
Gael Gerok,61,M
Eddy Sprowson,31,M
Junia Gotter,47,F
Amabel Adran,39,F
Gwendolyn Kleinplac,45,F
Malinde Rabbitts,67,M
Prudence Axcell,20,M
Gunar Opdenort,30,M
Mitzi Harmon,58,F
Arabela Dunhill,62,M
Bryant Arntzen,73,M
Tibold Scone,60,F
Nikoletta Crangle,65,M
Cristina Goodsal,50,F
Kingsly Donaghy,55,M
Michail Farenden,56,F
Sol Dallosso,59,F
Rivy Bentke,42,F
Izzy Laterza,65,F
Kristos Jiruca,34,M
Alys Fittall,61,M
Dody Coke,50,M
Shelton McElhargy,36,M
Sawyere Fryer,50,F
Jessie Lassells,69,M
Kurt Aldie,43,F
Lew Bitchener,79,M
Alys Chatel,22,M
Wallas Jaffra,59,F
Bevin Cock,29,M
Blithe Treasure,53,M
Daloris Huller,41,M
Braden Paige,64,F
Arnie Ferruzzi,66,F
Aldridge Dimberline,48,F
Ilene Finci,32,F
Renelle Seif,63,F
Adelaida Mee,69,M
Fabe Wildbore,64,F
Imogen Dinley,17,M
Eddie Hatje,36,F
Christin Hurdidge,53,F
Cord Brendeke,73,M
Margery Ferencowicz,33,M
Sheelagh MacAiline,66,F
Maximilianus Chugg,52,F
Jerad McClenan,33,M
Lorenza Doey,29,F
Eugenius O'Fairy,30,M
Charo Diperaus,64,M
Omero Innot,51,M
Malva MacGragh,22,F
Jeannie Drews,41,M
Torey Draude,61,M
Earlie Winley,20,M
Addia Karolewski,42,M
Shir Busher,63,M
Gracia Braddock,32,F
Gabriello Alekseicik,79,M
Beulah Loveland,20,F
Meir Soeiro,44,F
Crosby Fihelly,34,F
Alix Tyne,38,M
Hyacinthia Clelle,56,F
Bev Liepina,47,M
Karlyn Yewen,40,M
Jeffry Salzberg,28,M
Cullin Deetch,17,M
Billy Darrigone,80,F
Mickie Jeves,76,M
Mindy Gaitley,59,F
Libbey Meade,57,M
Linda Musso,56,F
Darda Witter,64,M
Tine Obal,29,F
Arly Spaice,71,F
Leland Puttnam,22,M
Peg Mussilli,64,M
Mylo Kmieciak,75,F
Nicol Masdin,46,M
Ronny Munnings,77,F
Inger McKnish,44,M
Loraine Starmont,26,M
Charlie Grimstead,26,F
Darrell Bare,38,F
Ardith Milella,34,M
Chrotoem Alam,55,F
Annabela Lidgard,60,M
Vanni Risson,26,M
Quincey Tebbit,51,F
Hurleigh Smidmore,40,M
Mechelle Philipeaux,74,M
Hannis Artharg,66,M
Ynes Tindall,64,M
Collete Ledekker,65,M
Renee Feltoe,22,F
Collie Tubb,57,M
Donelle Isakowicz,50,F
Oswald Aherne,53,M
Dedie Huc,59,M
Martie Sidnell,38,M
Rogers Phettiplace,39,M
Bruis Patek,18,F
Bale Lehmann,26,M
Floyd Suthren,31,F
Irwinn Stannering,79,F
Putnem Dukesbury,22,F
Ronica Malatalant,67,M
Morry Tschiersch,57,F
Park Avory,61,F
Glenine McComiskie,45,F
Nonnah Uwins,61,F
Bradley Glinde,51,F
Kayla Kausche,49,M
Nanny Ricardin,63,F
Bancroft Reboul,43,F
Devonna Wolstencroft,26,M
Dita Comini,61,F
Wat Lowcock,79,M
Pooh Leither,20,F
Beverley Vedekhin,76,F
Benjamen MacGray,62,F
Beale Kayzer,46,F
Anderson Martinson,28,F
Meryl Fellis,78,M
Estrella Spaice,50,F
Serene Nears,25,M
Raven Belly,40,M
Daryle Ridding,27,M
Reilly Basley,44,M
Galvan Stallon,62,F
Orelia Thundercliffe,24,M
Lucian Maletratt,43,M
Kayne Twelftree,22,F
Ches Rainton,53,M
Nert Toyne,55,M
Antonius Durante,43,F
Erl Haveline,54,M
Raphael Gauden,25,F
Tracie Bignal,54,F
Noble Parkisson,16,M
Janie Burnes,45,F
Carolee Grunguer,17,F
Odessa Sandiland,56,M
Mellisent Easthope,68,F
Lynsey Lucey,64,M
Javier Leeves,27,F
Bartel Zukierman,47,M
Patin Alden,66,F
Lewiss Woodyear,22,M
Onofredo O'Mullaney,67,F
Millie Gason,32,M
Hailey Shillington,21,F
Flory Downey,50,M
Dorthea Peterson,71,M
Kirstyn Klemensiewicz,57,M
Wilona Gallatly,72,M
Aurelea Reynoollds,72,F
Bertie Gribben,53,M
Shay Riche,72,F
Niki Swaton,26,F
Erny Caseley,38,F
Darby Escreet,21,F
Shoshana Goldstone,44,M
Allix Van der Linde,77,M
Chandal MacTerrelly,80,M
Giles Farge,35,F
Daisie Ferro,51,F
Mufi Ruben,47,F
Alyson Rowena,19,M
Berky Butler,17,M
Madelene Kunzel,68,M
Rodi Snailham,22,F
Jarrid Drynan,47,M
Ekaterina Cavill,37,F
Spense Klus,33,M
Julianne Marien,48,M
Leola Gerrad,66,M
Corrine Neve,64,M
Allistir Casarino,53,M
Alphard Dudmesh,50,M
Mort Elcum,28,F
Daphene Meekins,51,F
Jandy O'Henecan,19,F
Clarance Hallihane,38,M
Fax Krale,60,M
Sibelle Challice,27,M
Shannon Mawer,78,F
Valerye Gerrit,25,F
Basilius Whale,43,F
Sigrid Dugmore,69,M
Fannie Cubin,27,M
Sena Mawditt,77,F
Wat Comiskey,66,M
Drusy Bentinck,29,M
Staffard Stoddard,28,F
Marion Clardge,40,M
Seana Torbett,52,F
Currie Sandyford,39,F
Glory Beardshall,40,F
Inigo Ridley,56,F
Tobey Durran,74,M
Caroljean Gillebride,22,F
Jean Bartholat,21,M
Mervin Comiam,55,M
Norene Peascod,34,F
Rosemarie Manzell,27,M
Marjy Leveret,34,M
Dorrie Swiggs,49,M
Dusty Glantz,29,F
Benedict Kincade,48,M
Osborne Espinay,23,M
Bertie Swinn,47,F
Prudence Beddall,62,M
Buck Santus,30,F
Ashla Jeandillou,26,F
Patty Dacke,79,M
Mallissa Dutt,72,F
Adham Morrissey,22,M
Hall Cresswell,18,F
Mufinella McGiffie,74,M
Phillis Adamides,21,M
Gordan Cranston,77,M
Audrye Dumphreys,76,M
Ceil Bront,47,M
Mirabel Farnill,69,F
Ruthie Hatfull,67,F
Leonid Harbach,32,F
Carlos Meace,19,M
Vanya Cottier,59,M
Budd Odgers,27,F
Celie Kail,71,F
Henri Tattershaw,79,F
Francisco Treadgall,80,M
Hillier Sands-Allan,79,F
Milka Sugden,69,F
Teressa Breukelman,49,F
Lilia Parrington,23,M
Allin Kid,23,M
Scarlett Staves,79,F
Ashlee Farherty,16,F
Dur Dahlen,20,F
Marcela Danskine,32,M
Xerxes Liddy,30,F
Cilka Venneur,36,F
Saundra Cleugher,34,M
Janot Baile,56,M
Paige Beer,66,M
Helena Crothers,76,F
Florie MacDaid,41,F
Bevvy Stibbs,69,F
Tersina Rickets,54,M
Brynna McElroy,47,M
Rozella Teal,23,F
Benoit Paling,46,F
Mabelle Trawin,28,M
Tamas Linacre,17,F
Alard Durbann,80,F
Josy Jost,51,F
Antonin Coverdill,46,M
Corinne Flea,74,F
Corrinne Beaby,45,F
Kassie Buggy,32,F
Marshall Meriel,70,M
Bride Fone,75,F
Hortense Dodswell,65,F
Ruthie Thoumasson,19,M
Eduard Van der Daal,32,F
Greggory Adie,29,M
Adorne Mazzei,28,F
Kaitlin Paszak,56,F
Shaine Meak,73,M
Phillipe Danielczyk,79,F
Layney Herrema,73,F
Mada Rockhall,37,M
Michel Coldbathe,58,M
Ernesta McKenny,75,M
Aggie Dmitrienko,51,F
Honey Iffe,32,F
Mala Bercher,26,F
Corabelle Kirkbride,27,M
Kendell Flode,19,F
Abigail Piaggia,32,M
Vonny Cuxon,18,F
Fidelio Plet,71,F
Ethan Davys,53,F
Viv Jellico,69,M
Jackson Ivanishev,57,F
Bertie Coulter,17,M
Jeanne McLachlan,68,F
Adams Arnaldi,79,M
Stoddard Ralston,72,F
Arabele Spendlove,70,M
Elke Juliano,25,F
Justin Sellers,55,F
Ulrika Radenhurst,30,F
Aretha MacGillespie,39,M
Artus Autin,36,F
Kippy Ruske,22,M
Barnie Offield,70,F
Padgett Gaffney,80,M
Rona Milley,26,F
Dido Zottoli,60,F
Kerk Poznanski,18,M
Gardner Yabsley,29,M
Kelby Penhalewick,27,M
Dani Mc Carroll,69,F
Chryste Oswald,32,M
Xavier Robb,18,F
Tessa Winridge,58,F
Lonny Jennions,46,M
Marylou Lindenbluth,26,F
Arlene Wedlock,34,M
Aylmar Baldam,21,F
Deck Axelby,25,M
Austin Reye,28,M
Elvyn Dudenie,76,F
Enrico Fleisch,60,F
Clemmie Gieraths,43,M
Winnie Kerwick,77,M
Idalina Aspey,33,F
Georgina Fergyson,29,M
Janice Geraud,56,M
Ynes Tudgay,66,F
Axe Greenin,35,M
Colin Fritschmann,71,F
Travis Tooke,47,M
Erin Warren,17,M
Scarlett MacTrustie,25,M
Bryanty Gleadhell,23,M
Efren Forsard,46,M
Spencer Swiggs,18,M
Kelwin Salla,50,M
Fina Roobottom,74,M
Barth Pickett,48,F
Celine Bevens,59,F
Morry Appleton,66,M
Kellsie Stuckford,41,F
Viola Denzilow,39,F
Barnard Foskew,32,M
Andeee Baytrop,58,F
Correy Nowakowski,47,F
Tris Jeune,77,F
Brigitte Caldow,35,M
Vittorio Mapledorum,16,F
Riordan Meredith,56,M
Bryant O'Deegan,19,M
Sharona Lempel,32,M
Erasmus Heiner,64,F
Sophi Ogers,75,F
Gaylord Cuseick,45,M
Margalit Hugueville,39,F
Ryun Pittway,78,F
Clara Jearum,47,M
Leonelle Rudinger,56,M
Ernaline Killik,19,M
Alikee Jupp,54,M
Jenifer Wylie,31,M
Vilhelmina Haylett,80,M
Hayley Vardie,16,F
Dalt Wolvey,27,M
Angelina Stevenson,40,F
Sigismund Thomann,49,M
Theodosia Reddish,39,M
Mable Claxson,72,M
Cad Melmar,16,F
Virgie Pidgeley,33,M
Rosetta Parzis,80,F
Reena Main,53,F
Terrie Bickerstaffe,37,M
Paola Clewlow,56,F
Sanford Greet,32,F
Eddy Wrightam,68,M
Morris Lyst,58,M
Tamarah Giorgione,46,F
Lothaire Sweedy,66,M
Anselm Endersby,21,F
Shamus Goodburn,26,M
Ryon Shardlow,61,F
Pascale Worswick,17,F
Averell Mulkerrins,66,F
Martie Burnet,54,M
Lyndsey Andre,38,M
Cherida Pacht,74,M
Padget Sykora,44,F
Markus Gartland,48,F
Ruprecht Spikeings,58,F
Lyndel Aiken,45,M
Jaynell Cann,21,M
Sammy Machans,63,F
Korrie Northall,33,F
Kimmi Mohammad,48,F
Kristy Eastgate,39,F
Egan Deble,71,F
Blair Gerg,45,M
Krisha Simony,80,F
Nerte McKenna,25,M
Sascha Bru,48,M
Royce Burrill,20,M
Wilie Gartland,60,F
Gena Sherlaw,71,F
Jeromy Pieroni,68,F
Andrew Dungey,33,F
Bennie Lathe,54,M
Callida Northen,42,M
Winn Fowgies,35,F
Tallie Meni,27,M
Job Cuttle,22,M
Clarine Blakebrough,59,M
Kelcie Hurich,34,M
Cinnamon Scheffler,22,M
Gilda Brookzie,69,M
Aggy Burnsides,35,F
Westbrook Duffil,23,F
Noelani Beggin,50,F
Perle Lillee,17,M
Misty Faires,20,M
Edee Casburn,70,M
Eugenia Ensten,49,F
Salomon Talton,36,F
Amelie Rapper,64,F
Clark Whitewood,78,M
Morgan Ferrulli,71,M
Linnie Coombs,70,F
Tuck Hedditch,27,F
Simmonds Rounsefell,62,M
Lorianne Barajaz,28,M
Shalna Theodore,75,F
Cathyleen Lower,62,F
Annadiana Laden,79,M
Lissie Buttrum,57,M
Maisey Daveran,59,F
Lilian Mingaye,79,M
Enrique Earwaker,37,M
Beverlie Nobles,27,F
Gypsy Try,36,F
Kore Horlick,65,F
Wylie Huitson,39,F
Aaron Vallender,54,M
Roshelle Leishman,45,M
Ritchie Aylin,54,M
Hugues Seaton,41,M
Ertha Doldon,66,F
Jedediah Braferton,63,F
Sheilakathryn Krebs,32,F
Drusi Ivanenkov,29,M
Luz Smallcomb,77,M
Dyan Phipp,45,F
Hurlee Gerholz,53,M
Stanleigh Haythornthwaite,23,M
Ninnette Seine,17,M
Vernen Duffree,67,F
Lacee Theunissen,32,F
Randa Reilinger,33,F
Gabbi Fellos,66,M
Tabbie Ruselin,55,M
Dalenna Zealy,17,F
Mallorie Souness,76,F
Lucita Imlen,45,M
Penny Brogioni,75,F
Dannye Ipsley,33,F
Terrel Galilee,77,F
Rochell Origan,16,M
Izabel Luscott,75,F
Toby Diggins,30,F
Tori Climie,59,M
Casar Fearfull,33,M
Frasier Witherdon,33,F
Zandra Seamen,23,F
Weston Scudder,22,M
Prescott Griffitts,51,F
Lilas Ugolotti,29,M
Anatole Pennell,69,M
Ozzie McAlpin,30,M
Jojo Lawry,24,F
Eldon Maddern,68,M
Frederick McConway,18,M
Laurice Waterworth,47,M
Windy Hickisson,48,M
Itch Floch,62,F
Coleman Plascott,66,M
Zacherie Norvell,60,M
Gwynne Varker,56,F
Stacie LaBastida,30,F
Terri Riggott,20,F
Margaret Sandal,54,M
Antonio Reedshaw,63,F
Alberta Rate,40,M
Sherm Gerdts,46,M
Christin D'eathe,40,M
Tulley Taber,18,M
Tammi Beall,71,M
Domeniga Bleeze,21,M
Derward Dudmarsh,19,M
Hanna MacAlaster,79,F
Damian Argent,19,M
Grady Wastell,70,M
Mace Colcomb,72,F
Dolf Naisbit,80,F
Hamid Aldine,33,F
Dan Greasty,18,M
Patric Lasselle,53,F
Atalanta O'Duilleain,75,F
Fredia Kytter,60,F
Barnie Chilcott,43,F
Giavani Scrase,54,M
Doti Finessy,39,F
Binni Gammell,19,M
Raffarty MacNeilly,26,M
Wildon Lymbourne,71,M
Xenos Wincom,34,F
Patricia Rickis,74,F
Celisse Pinyon,75,F
Essa Dillaway,18,F
Moselle Yakob,43,M
Deirdre Donne,25,M
Amory Beadnell,78,M
Emmey Medlar,66,M
Piper McVitie,62,M
Guenevere Murname,72,M
Hagen Haimes,66,F
Jodi Gelland,45,M
Arlen Bamlett,38,F
Yovonnda Attoe,33,F
Jeri Pleasants,53,F
Garold Laterza,80,F
Stan Saffill,67,F
Karlotte McAnellye,22,F
Hy Balhatchet,55,F
Lorne Benedick,40,M
Niven Martini,77,M
Christy Parnall,35,F
Stillman Merrin,64,M
Harlie Nelle,60,M
Klement Draisey,38,F
Sigismond Manoch,48,F
Bertine Lainton,43,M
Anselma Arnot,56,M
Jareb Baythrop,40,M
Sandye Gerrelt,79,F
Peggy Dorcey,64,F
Caryl Feacham,33,F
Dyna Kurtis,64,M
Barde Bucktrout,74,F
Danila Knapton,68,M
Sarene Elsbury,20,M
Cleopatra McNirlin,71,M
Avril Pettendrich,67,F
Carol-jean Yuranovev,30,F
Vernice Winckle,66,F
Rupert Krale,56,F
Dolly Cuell,77,F
Wright Pardon,45,F
Daryl Gehricke,39,F
Siusan Whittleton,69,F
Mikey Goodbarr,48,M
Tani MacCarter,19,F
Neely Jerschke,43,F
Danita Loblie,77,M
Kennan Hans,16,F
Tisha Barizeret,32,F
Berke Blowick,31,F
Matty Hyatt,44,F
Gerty Boays,36,M
Blair Bernardini,23,F
Latia Sawdon,21,M
Antonino O'Quin,45,F
Lammond Imort,28,M
Trudey Kermeen,75,M
Devinne McCuthais,19,M
Hebert Stubbeley,25,M
Birch Romans,16,F
Maurits Oxenford,33,F
Gaven Gentle,80,M
Noak Bumpass,21,F
Ruthi Whickman,26,F
Melvyn Pedycan,43,M
Jobie Casaccia,63,F
Nathalia Heiden,63,M
Gabby Mothersdale,39,M
Shurlock Levesque,59,F
Donny Ivamy,39,F
Albert Pichmann,69,F
Simona Beccera,61,F
Kipper Eagle,64,M
Burt Ebunoluwa,49,F
Willyt Dunderdale,52,M
Thorn Ilyasov,68,F
Kath Carlucci,16,F
Dale Genn,57,M
Jenn Comazzo,70,M
Kristofer Troubridge,73,F
Christine Garvie,22,F
Kary Werrett,57,M
Gabriele Featherstone,75,M
Celestia Critchley,61,F
Catha Waddington,74,M
Harlen Elesander,28,F
Derick Evreux,79,F
Jaimie Stute,21,F
Teriann Van den Velden,18,F
Leodora Ferens,28,M
Valentine Foltin,61,F
Allison Elcott,55,M
Aguste Penelli,38,M
Teador Brosoli,41,M
Idelle Duffin,21,F
Geordie Cumpton,59,F
Genevieve Prichet,32,F
Lynett Capitano,79,M
Kaila Curcher,78,M
Maighdiln Sinclaire,37,F
Arly Fann,40,F
Charla Kobu,17,M
Wilton Orum,19,F
Emmerich Dunthorne,25,M
Renelle Egdale,38,M
Kendal ducarme,61,M
Ashia McInteer,50,M
Zelda Skelton,16,F
Almeda Sowten,44,F
Abbi Gorling,73,M
Renard Leyborne,41,M
Stearne Marzella,67,M
Paulo Ride,40,F
Delly Cammish,34,M
Elihu Digg,48,F
Tandie Radbond,50,M
Ramona Fisby,64,M
Filide Rambadt,74,M
Drugi Killoran,25,M
Falito Earengey,46,F
Selle Houseman,54,F
Brannon Cathee,30,M
Dorothee Carayol,40,M
Jarrod Haggie,32,F
Shane Ebdin,51,M
Sarita Altamirano,31,M
Moyra Fotheringham,21,M
Conroy Moyer,17,F
Nicki Bartozzi,42,F
Roseann Hocking,80,F
Madonna Braidman,64,F
Cammy Ethelstone,64,M
Honor Stather,39,F
Reynard Rabbe,40,F
Othello Lamy,54,F
Bink Stillwell,29,F
Berti Bleakley,38,M
Sher Delacourt,80,M
Pansy Busby,18,F
Clevie Kolushev,45,F
Amory Polo,44,M
Irvine Limming,43,F
Lane Gwynne,16,M
Agata Penhearow,63,M
Everett Maroney,30,F
Filia Guillart,69,F
Jori MacDermott,56,F
May Atte-Stone,78,M
Arabel Bracchi,65,F
Cornela Gobbet,57,M
Leighton Cantera,37,F
Elaina Boosey,32,M
Prudence Petruszka,70,M
Ulrich Lansdown,52,F
Loraine Lakey,27,F
Demeter Sellwood,52,F
Ruttger Brizell,66,M
Natalee Vasyutochkin,30,F
Jerrie Ashburner,57,M
Karly Farlambe,35,M
Leora McOrkil,32,F
Zachariah Tuhy,33,F
Aeriel Faustian,48,F
Tallulah Gentsch,17,F
Jordana Threader,67,M
Simonne Kezar,18,F
Sheryl Folan,47,M
Catrina Roseby,48,M
Kendall Jiracek,77,M
Oliviero Byrch,72,M
Patricio Moorton,48,M
Valera Fonzone,56,M
Ellynn Iglesia,29,F
Mariejeanne Mair,35,M
Urbano Blaschke,28,M
Beckie Wabey,44,M
Blinnie Potbury,50,F
Deloria Borland,36,M
Klara Castillou,71,F
Felita McMichael,36,M
Rea Magwood,69,F
Sianna Kalb,22,M
Ogden Jaksic,77,M
Carolyne Adnams,26,M
Wittie Feakins,64,F
Katuscha Kloisner,54,M
Kirby Gittose,51,M
Tyrus Tattersill,56,F
Garrard Meas,27,M
Arlyn Schaben,75,F
Dennie Llewelly,31,M
Gabbi Karleman,72,M
Mareah Hulke,24,F
Stanislaus Roskeilly,71,M
Tonia Tremblot,21,F
Drake Handford,49,M
Simonne Housbie,49,F
Almeria Gritsunov,35,M
Valentine Sabattier,58,F
Dorita Zapatero,46,F
Dewain Prahl,75,M
Norbert Brookzie,41,F
Clarisse Benardette,20,F
Manolo Machel,31,M
Meris Atwood,66,M
Jordana Calrow,51,M
Robinetta McCully,59,F
Haven Wilmington,70,F
Benjy McSherry,48,M
Corinne Strahan,33,F
Ronna Burrells,39,M
Byrle Samsonsen,51,F
Mitchel Bentley,38,F
Wendeline Meininger,66,M
Yalonda Warrack,18,M
Ramonda Bransom,70,M
Ranique Fortin,58,F
Gaile Eckly,45,F
Kala Costerd,42,M
Xymenes Gilvary,53,F
Buck Stokell,23,F
Darsey Calafato,63,M
Katuscha Japp,22,M
Nolan Lighten,62,M
Anthia Bent,56,M
Nathalia Roskeilly,53,M
Poul Eckford,78,F
Gage Bruin,17,M
Joanie Josefovic,52,M
Shantee Jakubovski,44,M
Tommi Clopton,71,F
Mayne Hellmore,66,M
Carlynne Ive,25,F
Banky Quigg,74,M
Laurene Arnholdt,64,M
Nannie Wimmers,70,M
Rockie O'Sculley,35,M
Dorice Haliburton,39,M
Raymond Blaksland,21,M
Shae Awin,32,F
Sophi Maraga,75,F
Marley Kenyon,73,F
Muriel Spearett,63,M
Donal Sulman,26,M
Hortense Minards,78,F
Loralie Smale,22,M
Nada Axworthy,74,M
Minna Sellan,46,F
Angela Ceyssen,33,M
Abdel Yusupov,57,F
Tad Leonardi,23,F
Terrill Zupo,27,M
Faulkner Stamp,60,F
Yulma Taberer,66,F
Alfred Higgen,24,F
Tiffie Divine,30,F
Juan Scholfield,32,F
Toma Drynan,32,M
Adolf Stegers,28,M
Mel Ausher,74,F
Adams Aronstein,30,M
Hatti Setch,56,M
Isaac Jiroudek,68,F
Debor Shelp,74,F
Normy Swannick,76,F
Early Dey,42,M
Issy Litchfield,73,F
Kat Gillise,45,M
Blondell Turfes,69,M
Lyell Ainscough,36,M
Derek Lowton,18,M
Mella Bunker,24,F
Charlean Ditch,34,F
Alida Ortet,30,F
Virgie Kosel,52,M
Claudelle Matessian,67,F
Phaedra Ruprecht,35,F
Marika Sharpling,49,M
Sydney Kroll,25,F
Lorenzo Topp,34,M
Nicolai Venney,62,M
Halsey Moorrud,31,M
